[  {    "version": "0.4.16",    "windows_url": "https://github.com/ethereum/solidity/releases/download/v0.4.16/solidity-windows.zip",    "mac_url": "",    "linux_url": "https://github.com/ethereum/solidity/releases/download/v0.4.16/solc-static-linux"  },  {    "version": "0.4.17",    "windows_url": "https://github.com/ethereum/solidity/releases/download/v0.4.17/solidity-windows.zip",    "mac_url": "",    "linux_url": "https://github.com/ethereum/solidity/releases/download/v0.4.17/solc-static-linux"  },  {    "version": "0.4.18",    "windows_url": "https://github.com/ethereum/solidity/releases/download/v0.4.18/solidity-windows.zip",    "mac_url": "",    "linux_url": "https://github.com/ethereum/solidity/releases/download/v0.4.18/solc-static-linux"  },  {    "version": "0.4.19",    "windows_url": "https://github.com/ethereum/solidity/releases/download/v0.4.19/solidity-windows.zip",    "mac_url": "",    "linux_url": "https://github.com/ethereum/solidity/releases/download/v0.4.19/solc-static-linux"  },  {    "version": "0.4.20",    "windows_url": "https://github.com/ethereum/solidity/releases/download/v0.4.20/solidity-windows.zip",    "mac_url": "",    "linux_url": "https://github.com/ethereum/solidity/releases/download/v0.4.20/solc-static-linux"  },  {    "version": "0.4.21",    "windows_url": "https://github.com/ethereum/solidity/releases/download/v0.4.21/solidity-windows.zip",    "mac_url": "",    "linux_url": "https://github.com/ethereum/solidity/releases/download/v0.4.21/solc-static-linux"  },  {    "version": "0.4.22",    "windows_url": "https://github.com/ethereum/solidity/releases/download/v0.4.22/solidity-windows.zip",    "mac_url": "",    "linux_url": "https://github.com/ethereum/solidity/releases/download/v0.4.22/solc-static-linux"  },  {    "version": "0.4.23",    "windows_url": "https://github.com/ethereum/solidity/releases/download/v0.4.23/solidity-windows.zip",    "mac_url": "",    "linux_url": "https://github.com/ethereum/solidity/releases/download/v0.4.23/solc-static-linux"  },  {    "version": "0.4.24",    "windows_url": "https://github.com/ethereum/solidity/releases/download/v0.4.24/solidity-windows.zip",    "mac_url": "",    "linux_url": "https://github.com/ethereum/solidity/releases/download/v0.4.24/solc-static-linux"  },  {    "version": "0.4.25",    "windows_url": "https://github.com/ethereum/solidity/releases/download/v0.4.25/solidity-windows.zip",    "mac_url": "https://github.com/web3j/solidity-darwin-binaries/releases/download/v0.4.25/solc_mac",    "linux_url": "https://github.com/ethereum/solidity/releases/download/v0.4.25/solc-static-linux"  },  {    "version": "0.4.26",    "windows_url": "",    "mac_url": "",    "linux_url": "https://github.com/ethereum/solidity/releases/download/v0.4.26/solc-static-linux"  },  {    "version": "0.5.0",    "windows_url": "https://github.com/ethereum/solidity/releases/download/v0.5.0/solidity-windows.zip",    "mac_url": "https://github.com/web3j/solidity-darwin-binaries/releases/download/v0.5.0/solc_mac",    "linux_url": "https://github.com/ethereum/solidity/releases/download/v0.5.0/solc-static-linux"  },  {    "version": "0.5.1",    "windows_url": "https://github.com/ethereum/solidity/releases/download/v0.5.1/solidity-windows.zip",    "mac_url": "https://github.com/web3j/solidity-darwin-binaries/releases/download/v0.5.1/solc_mac",    "linux_url": "https://github.com/ethereum/solidity/releases/download/v0.5.1/solc-static-linux"  },  {    "version": "0.5.2",    "windows_url": "https://github.com/ethereum/solidity/releases/download/v0.5.2/solidity-windows.zip",    "mac_url": "https://github.com/web3j/solidity-darwin-binaries/releases/download/v0.5.2/solc_mac",    "linux_url": "https://github.com/ethereum/solidity/releases/download/v0.5.2/solc-static-linux"  },  {    "version": "0.5.3",    "windows_url": "https://github.com/ethereum/solidity/releases/download/v0.5.3/solidity-windows.zip",    "mac_url": "https://github.com/web3j/solidity-darwin-binaries/releases/download/v0.5.3/solc_mac",    "linux_url": "https://github.com/ethereum/solidity/releases/download/v0.5.3/solc-static-linux"  },  {    "version": "0.5.4",    "windows_url": "https://github.com/ethereum/solidity/releases/download/v0.5.4/solidity-windows.zip",    "mac_url": "https://github.com/web3j/solidity-darwin-binaries/releases/download/v0.5.4/solc_mac",    "linux_url": "https://github.com/ethereum/solidity/releases/download/v0.5.4/solc-static-linux"  },  {    "version": "0.5.5",    "windows_url": "https://github.com/ethereum/solidity/releases/download/v0.5.5/solidity-windows.zip",    "mac_url": "https://github.com/web3j/solidity-darwin-binaries/releases/download/v0.5.5/solc_mac",    "linux_url": "https://github.com/ethereum/solidity/releases/download/v0.5.5/solc-static-linux"  },  {    "version": "0.5.6",    "windows_url": "https://github.com/ethereum/solidity/releases/download/v0.5.6/solidity-windows.zip",    "mac_url": "https://github.com/web3j/solidity-darwin-binaries/releases/download/v0.5.6/solc_mac",    "linux_url": "https://github.com/ethereum/solidity/releases/download/v0.5.6/solc-static-linux"  },  {    "version": "0.5.7",    "windows_url": "https://github.com/ethereum/solidity/releases/download/v0.5.7/solidity-windows.zip",    "mac_url": "https://github.com/web3j/solidity-darwin-binaries/releases/download/v0.5.7/solc_mac",    "linux_url": "https://github.com/ethereum/solidity/releases/download/v0.5.7/solc-static-linux"  },  {    "version": "0.5.8",    "windows_url": "https://github.com/ethereum/solidity/releases/download/v0.5.8/solidity-windows.zip",    "mac_url": "https://github.com/web3j/solidity-darwin-binaries/releases/download/v0.5.8/solc_mac",    "linux_url": "https://github.com/ethereum/solidity/releases/download/v0.5.8/solc-static-linux"  },  {    "version": "0.5.9",    "windows_url": "https://github.com/ethereum/solidity/releases/download/v0.5.9/solidity-windows.zip",    "mac_url": "https://github.com/web3j/solidity-darwin-binaries/releases/download/v0.5.9/solc_mac",    "linux_url": "https://github.com/ethereum/solidity/releases/download/v0.5.9/solc-static-linux"  },  {    "version": "0.5.10",    "windows_url": "https://github.com/ethereum/solidity/releases/download/v0.5.10/solidity-windows.zip",    "mac_url": "https://github.com/web3j/solidity-darwin-binaries/releases/download/v0.5.10/solc_mac",    "linux_url": "https://github.com/ethereum/solidity/releases/download/v0.5.10/solc-static-linux"  },  {    "version": "0.5.11",    "windows_url": "https://github.com/ethereum/solidity/releases/download/v0.5.11/solidity-windows.zip",    "mac_url": "https://github.com/web3j/solidity-darwin-binaries/releases/download/v0.5.11/solc_mac",    "linux_url": "https://github.com/ethereum/solidity/releases/download/v0.5.11/solc-static-linux"  },  {    "version": "0.5.12",    "windows_url": "https://github.com/ethereum/solidity/releases/download/v0.5.12/solidity-windows.zip",    "mac_url": "https://github.com/web3j/solidity-darwin-binaries/releases/download/v0.5.12/solc_mac",    "linux_url": "https://github.com/ethereum/solidity/releases/download/v0.5.12/solc-static-linux"  },  {    "version": "0.5.13",    "windows_url": "https://github.com/ethereum/solidity/releases/download/v0.5.13/solidity-windows.zip",    "mac_url": "https://github.com/web3j/solidity-darwin-binaries/releases/download/v0.5.13/solc_mac",    "linux_url": "https://github.com/ethereum/solidity/releases/download/v0.5.13/solc-static-linux"  },  {    "version": "0.5.14",    "windows_url": "https://github.com/ethereum/solidity/releases/download/v0.5.14/solidity-windows.zip",    "mac_url": "https://github.com/web3j/solidity-darwin-binaries/releases/download/v0.5.14/solc_mac",    "linux_url": "https://github.com/ethereum/solidity/releases/download/v0.5.14/solc-static-linux"  },  {    "version": "0.5.15",    "windows_url": "https://github.com/ethereum/solidity/releases/download/v0.5.15/solidity-windows.zip",    "mac_url": "https://github.com/web3j/solidity-darwin-binaries/releases/download/v0.5.15/solc_mac",    "linux_url": "https://github.com/ethereum/solidity/releases/download/v0.5.15/solc-static-linux"  },  {    "version": "0.5.16",    "windows_url": "https://github.com/ethereum/solidity/releases/download/v0.5.16/solidity-windows.zip",    "mac_url": "https://github.com/web3j/solidity-darwin-binaries/releases/download/v0.5.16/solc_mac",    "linux_url": "https://github.com/ethereum/solidity/releases/download/v0.5.16/solc-static-linux"  },  {    "version": "0.5.17",    "windows_url": "https://github.com/ethereum/solidity/releases/download/v0.5.17/solidity-windows.zip",    "mac_url": "",    "linux_url": "https://github.com/ethereum/solidity/releases/download/v0.5.17/solc-static-linux"  },  {    "version": "0.6.0",    "windows_url": "https://github.com/ethereum/solidity/releases/download/v0.6.0/solidity-windows.zip",    "mac_url": "https://github.com/web3j/solidity-darwin-binaries/releases/download/v0.6.0/solc_mac",    "linux_url": "https://github.com/ethereum/solidity/releases/download/v0.6.0/solc-static-linux"  },  {    "version": "0.6.1",    "windows_url": "https://github.com/ethereum/solidity/releases/download/v0.6.1/solidity-windows.zip",    "mac_url": "https://github.com/web3j/solidity-darwin-binaries/releases/download/v0.6.1/solc_mac",    "linux_url": "https://github.com/ethereum/solidity/releases/download/v0.6.1/solc-static-linux"  },  {    "version": "0.6.2",    "windows_url": "https://github.com/ethereum/solidity/releases/download/v0.6.2/solidity-windows.zip",    "mac_url": "https://github.com/web3j/solidity-darwin-binaries/releases/download/v0.6.2/solc_mac",    "linux_url": "https://github.com/ethereum/solidity/releases/download/v0.6.2/solc-static-linux"  },  {    "version": "0.6.3",    "windows_url": "https://github.com/ethereum/solidity/releases/download/v0.6.3/solidity-windows.zip",    "mac_url": "",    "linux_url": "https://github.com/ethereum/solidity/releases/download/v0.6.3/solc-static-linux"  },  {    "version": "0.6.4",    "windows_url": "https://github.com/ethereum/solidity/releases/download/v0.6.4/solidity-windows.zip",    "mac_url": "",    "linux_url": "https://github.com/ethereum/solidity/releases/download/v0.6.4/solc-static-linux"  },  {    "version": "0.6.5",    "windows_url": "https://github.com/ethereum/solidity/releases/download/v0.6.5/solidity-windows.zip",    "mac_url": "",    "linux_url": "https://github.com/ethereum/solidity/releases/download/v0.6.5/solc-static-linux"  },  {    "version": "0.6.6",    "windows_url": "https://github.com/ethereum/solidity/releases/download/v0.6.6/solidity-windows.zip",    "mac_url": "",    "linux_url": "https://github.com/ethereum/solidity/releases/download/v0.6.6/solc-static-linux"  },  {    "version": "0.6.7",    "windows_url": "https://github.com/ethereum/solidity/releases/download/v0.6.7/solidity-windows.zip",    "mac_url": "",    "linux_url": "https://github.com/ethereum/solidity/releases/download/v0.6.7/solc-static-linux"  },  {    "version": "0.6.8",    "windows_url": "https://github.com/ethereum/solidity/releases/download/v0.6.8/solidity-windows.zip",    "mac_url": "",    "linux_url": "https://github.com/ethereum/solidity/releases/download/v0.6.8/solc-static-linux"  },  {    "version": "0.6.9",    "windows_url": "https://github.com/ethereum/solidity/releases/download/v0.6.9/solidity-windows.zip",    "mac_url": "https://github.com/ethereum/solidity/releases/download/v0.6.9/solc-macos",    "linux_url": "https://github.com/ethereum/solidity/releases/download/v0.6.9/solc-static-linux"  },  {    "version": "0.6.10",    "windows_url": "https://github.com/ethereum/solidity/releases/download/v0.6.10/solidity-windows.zip",    "mac_url": "https://github.com/ethereum/solidity/releases/download/v0.6.10/solc-macos",    "linux_url": "https://github.com/ethereum/solidity/releases/download/v0.6.10/solc-static-linux"  },  {    "version": "0.6.11",    "windows_url": "https://github.com/ethereum/solidity/releases/download/v0.6.11/solidity-windows.zip",    "mac_url": "https://github.com/ethereum/solidity/releases/download/v0.6.11/solc-macos",    "linux_url": "https://github.com/ethereum/solidity/releases/download/v0.6.11/solc-static-linux"  },  {    "version": "0.6.12",    "windows_url": "https://github.com/ethereum/solidity/releases/download/v0.6.12/solidity-windows.zip",    "mac_url": "https://github.com/ethereum/solidity/releases/download/v0.6.12/solc-macos",    "linux_url": "https://github.com/ethereum/solidity/releases/download/v0.6.12/solc-static-linux"  },  {    "version": "0.7.0",    "windows_url": "https://github.com/ethereum/solidity/releases/download/v0.7.0/solidity-windows.zip",    "mac_url": "https://github.com/ethereum/solidity/releases/download/v0.7.0/solc-macos",    "linux_url": "https://github.com/ethereum/solidity/releases/download/v0.7.0/solc-static-linux"  },  {    "version": "0.7.1",    "windows_url": "https://github.com/ethereum/solidity/releases/download/v0.7.1/solidity-windows.zip",    "mac_url": "https://github.com/ethereum/solidity/releases/download/v0.7.1/solc-macos",    "linux_url": "https://github.com/ethereum/solidity/releases/download/v0.7.1/solc-static-linux"  },  {    "version": "0.7.2",    "windows_url": "https://github.com/ethereum/solidity/releases/download/v0.7.2/solc-windows.exe",    "mac_url": "https://github.com/ethereum/solidity/releases/download/v0.7.2/solc-macos",    "linux_url": "https://github.com/ethereum/solidity/releases/download/v0.7.2/solc-static-linux"  },  {    "version": "0.7.3",    "windows_url": "https://github.com/ethereum/solidity/releases/download/v0.7.3/solc-windows.exe",    "mac_url": "https://github.com/ethereum/solidity/releases/download/v0.7.3/solc-macos",    "linux_url": "https://github.com/ethereum/solidity/releases/download/v0.7.3/solc-static-linux"  },  {    "version": "0.7.4",    "windows_url": "https://github.com/ethereum/solidity/releases/download/v0.7.4/solc-windows.exe",    "mac_url": "https://github.com/ethereum/solidity/releases/download/v0.7.4/solc-macos",    "linux_url": "https://github.com/ethereum/solidity/releases/download/v0.7.4/solc-static-linux"  },  {    "version": "0.7.5",    "windows_url": "https://github.com/ethereum/solidity/releases/download/v0.7.5/solc-windows.exe",    "mac_url": "https://github.com/ethereum/solidity/releases/download/v0.7.5/solc-macos",    "linux_url": "https://github.com/ethereum/solidity/releases/download/v0.7.5/solc-static-linux"  },  {    "version": "0.7.6",    "windows_url": "https://github.com/ethereum/solidity/releases/download/v0.7.6/solc-windows.exe",    "mac_url": "https://github.com/ethereum/solidity/releases/download/v0.7.6/solc-macos",    "linux_url": "https://github.com/ethereum/solidity/releases/download/v0.7.6/solc-static-linux"  },  {    "version": "0.8.0",    "windows_url": "https://github.com/ethereum/solidity/releases/download/v0.8.0/solc-windows.exe",    "mac_url": "https://github.com/ethereum/solidity/releases/download/v0.8.0/solc-macos",    "linux_url": "https://github.com/ethereum/solidity/releases/download/v0.8.0/solc-static-linux"  },  {    "version": "0.8.1",    "windows_url": "https://github.com/ethereum/solidity/releases/download/v0.8.1/solc-windows.exe",    "mac_url": "https://github.com/ethereum/solidity/releases/download/v0.8.1/solc-macos",    "linux_url": "https://github.com/ethereum/solidity/releases/download/v0.8.1/solc-static-linux"  },  {    "version": "0.8.2",    "windows_url": "https://github.com/ethereum/solidity/releases/download/v0.8.2/solc-windows.exe",    "mac_url": "https://github.com/ethereum/solidity/releases/download/v0.8.2/solc-macos",    "linux_url": "https://github.com/ethereum/solidity/releases/download/v0.8.2/solc-static-linux"  },  {    "version": "0.8.3",    "windows_url": "https://github.com/ethereum/solidity/releases/download/v0.8.3/solc-windows.exe",    "mac_url": "https://github.com/ethereum/solidity/releases/download/v0.8.3/solc-macos",    "linux_url": "https://github.com/ethereum/solidity/releases/download/v0.8.3/solc-static-linux"  },  {    "version": "0.8.4",    "windows_url": "https://github.com/ethereum/solidity/releases/download/v0.8.4/solc-windows.exe",    "mac_url": "https://github.com/ethereum/solidity/releases/download/v0.8.4/solc-macos",    "linux_url": "https://github.com/ethereum/solidity/releases/download/v0.8.4/solc-static-linux"  },  {    "version": "0.8.5",    "windows_url": "https://github.com/ethereum/solidity/releases/download/v0.8.5/solc-windows.exe",    "mac_url": "https://github.com/ethereum/solidity/releases/download/v0.8.5/solc-macos",    "linux_url": "https://github.com/ethereum/solidity/releases/download/v0.8.5/solc-static-linux"  },  {    "version": "0.8.6",    "windows_url": "https://github.com/ethereum/solidity/releases/download/v0.8.6/solc-windows.exe",    "mac_url": "https://github.com/ethereum/solidity/releases/download/v0.8.6/solc-macos",    "linux_url": "https://github.com/ethereum/solidity/releases/download/v0.8.6/solc-static-linux"  },  {    "version": "0.8.7",    "windows_url": "https://github.com/ethereum/solidity/releases/download/v0.8.7/solc-windows.exe",    "mac_url": "https://github.com/ethereum/solidity/releases/download/v0.8.7/solc-macos",    "linux_url": "https://github.com/ethereum/solidity/releases/download/v0.8.7/solc-static-linux"  },  {    "version": "0.8.8",    "windows_url": "https://github.com/ethereum/solidity/releases/download/v0.8.8/solc-windows.exe",    "mac_url": "https://github.com/ethereum/solidity/releases/download/v0.8.8/solc-macos",    "linux_url": "https://github.com/ethereum/solidity/releases/download/v0.8.8/solc-static-linux"  },  {    "version": "0.8.9",    "windows_url": "https://github.com/ethereum/solidity/releases/download/v0.8.9/solc-windows.exe",    "mac_url": "https://github.com/ethereum/solidity/releases/download/v0.8.9/solc-macos",    "linux_url": "https://github.com/ethereum/solidity/releases/download/v0.8.9/solc-static-linux"  },  {    "version": "0.8.10",    "windows_url": "https://github.com/ethereum/solidity/releases/download/v0.8.10/solc-windows.exe",    "mac_url": "https://github.com/ethereum/solidity/releases/download/v0.8.10/solc-macos",    "linux_url": "https://github.com/ethereum/solidity/releases/download/v0.8.10/solc-static-linux"  },  {    "version": "0.8.11",    "windows_url": "https://github.com/ethereum/solidity/releases/download/v0.8.11/solc-windows.exe",    "mac_url": "https://github.com/ethereum/solidity/releases/download/v0.8.11/solc-macos",    "linux_url": "https://github.com/ethereum/solidity/releases/download/v0.8.11/solc-static-linux"  },  {    "version": "0.8.12",    "windows_url": "https://github.com/ethereum/solidity/releases/download/v0.8.12/solc-windows.exe",    "mac_url": "https://github.com/ethereum/solidity/releases/download/v0.8.12/solc-macos",    "linux_url": "https://github.com/ethereum/solidity/releases/download/v0.8.12/solc-static-linux"  },  {    "version": "0.8.13",    "windows_url": "https://github.com/ethereum/solidity/releases/download/v0.8.13/solc-windows.exe",    "mac_url": "https://github.com/ethereum/solidity/releases/download/v0.8.13/solc-macos",    "linux_url": "https://github.com/ethereum/solidity/releases/download/v0.8.13/solc-static-linux"  },  {    "version": "0.8.14",    "windows_url": "https://github.com/ethereum/solidity/releases/download/v0.8.14/solc-windows.exe",    "mac_url": "https://github.com/ethereum/solidity/releases/download/v0.8.14/solc-macos",    "linux_url": "https://github.com/ethereum/solidity/releases/download/v0.8.14/solc-static-linux"  },  {    "version": "0.8.15",    "windows_url": "https://github.com/ethereum/solidity/releases/download/v0.8.15/solc-windows.exe",    "mac_url": "https://github.com/ethereum/solidity/releases/download/v0.8.15/solc-macos",    "linux_url": "https://github.com/ethereum/solidity/releases/download/v0.8.15/solc-static-linux"  },  {    "version": "0.8.16",    "windows_url": "https://github.com/ethereum/solidity/releases/download/v0.8.16/solc-windows.exe",    "mac_url": "https://github.com/ethereum/solidity/releases/download/v0.8.16/solc-macos",    "linux_url": "https://github.com/ethereum/solidity/releases/download/v0.8.16/solc-static-linux"  },  {    "version": "0.8.17",    "windows_url": "https://github.com/ethereum/solidity/releases/download/v0.8.17/solc-windows.exe",    "mac_url": "https://github.com/ethereum/solidity/releases/download/v0.8.17/solc-macos",    "linux_url": "https://github.com/ethereum/solidity/releases/download/v0.8.17/solc-static-linux"  },  {    "version": "0.8.18",    "windows_url": "https://github.com/ethereum/solidity/releases/download/v0.8.18/solc-windows.exe",    "mac_url": "https://github.com/ethereum/solidity/releases/download/v0.8.18/solc-macos",    "linux_url": "https://github.com/ethereum/solidity/releases/download/v0.8.18/solc-static-linux"  },  {    "version": "0.8.19",    "windows_url": "https://github.com/ethereum/solidity/releases/download/v0.8.19/solc-windows.exe",    "mac_url": "https://github.com/ethereum/solidity/releases/download/v0.8.19/solc-macos",    "linux_url": "https://github.com/ethereum/solidity/releases/download/v0.8.19/solc-static-linux"  },  {    "version": "0.8.20",    "windows_url": "https://github.com/ethereum/solidity/releases/download/v0.8.20/solc-windows.exe",    "mac_url": "https://github.com/ethereum/solidity/releases/download/v0.8.20/solc-macos",    "linux_url": "https://github.com/ethereum/solidity/releases/download/v0.8.20/solc-static-linux"  },  {    "version": "0.8.21",    "windows_url": "https://github.com/ethereum/solidity/releases/download/v0.8.21/solc-windows.exe",    "mac_url": "https://github.com/ethereum/solidity/releases/download/v0.8.21/solc-macos",    "linux_url": "https://github.com/ethereum/solidity/releases/download/v0.8.21/solc-static-linux"  },  {    "version": "0.8.22",    "windows_url": "https://github.com/ethereum/solidity/releases/download/v0.8.22/solc-windows.exe",    "mac_url": "https://github.com/ethereum/solidity/releases/download/v0.8.22/solc-macos",    "linux_url": "https://github.com/ethereum/solidity/releases/download/v0.8.22/solc-static-linux"  },  {    "version": "0.8.23",    "windows_url": "https://github.com/ethereum/solidity/releases/download/v0.8.23/solc-windows.exe",    "mac_url": "https://github.com/ethereum/solidity/releases/download/v0.8.23/solc-macos",    "linux_url": "https://github.com/ethereum/solidity/releases/download/v0.8.23/solc-static-linux"  },  {    "version": "0.8.24",    "windows_url": "https://github.com/ethereum/solidity/releases/download/v0.8.24/solc-windows.exe",    "mac_url": "https://github.com/ethereum/solidity/releases/download/v0.8.24/solc-macos",    "linux_url": "https://github.com/ethereum/solidity/releases/download/v0.8.24/solc-static-linux"  },  {    "version": "0.8.25",    "windows_url": "https://github.com/ethereum/solidity/releases/download/v0.8.25/solc-windows.exe",    "mac_url": "https://github.com/ethereum/solidity/releases/download/v0.8.25/solc-macos",    "linux_url": "https://github.com/ethereum/solidity/releases/download/v0.8.25/solc-static-linux"  },  {    "version": "0.8.26",    "windows_url": "https://github.com/ethereum/solidity/releases/download/v0.8.26/solc-windows.exe",    "mac_url": "https://github.com/ethereum/solidity/releases/download/v0.8.26/solc-macos",    "linux_url": "https://github.com/ethereum/solidity/releases/download/v0.8.26/solc-static-linux"  },  {    "version": "0.8.27",    "windows_url": "https://github.com/ethereum/solidity/releases/download/v0.8.27/solc-windows.exe",    "mac_url": "https://github.com/ethereum/solidity/releases/download/v0.8.27/solc-macos",    "linux_url": "https://github.com/ethereum/solidity/releases/download/v0.8.27/solc-static-linux"  },  {    "version": "0.8.28",    "windows_url": "https://github.com/ethereum/solidity/releases/download/v0.8.28/solc-windows.exe",    "mac_url": "https://github.com/ethereum/solidity/releases/download/v0.8.28/solc-macos",    "linux_url": "https://github.com/ethereum/solidity/releases/download/v0.8.28/solc-static-linux"  },  {    "version": "0.8.29",    "windows_url": "https://github.com/ethereum/solidity/releases/download/v0.8.29/solc-windows.exe",    "mac_url": "https://github.com/ethereum/solidity/releases/download/v0.8.29/solc-macos",    "linux_url": "https://github.com/ethereum/solidity/releases/download/v0.8.29/solc-static-linux"  }]